epoch,epoch,simple_testLoss,weighted_testLoss,new_weighted_testLoss
0,0,1.3464497327804565,1.344444751739502,1.443220615386963
1,1,1.4379419088363647,1.4068241119384766,1.3055907487869263
2,2,1.3609213829040527,1.35370671749115,1.3699675798416138
3,3,1.3722000122070312,1.3559068441390991,1.3452757596969604
4,4,1.3404309749603271,1.340417504310608,1.4116196632385254
